timestamp,mode,result,steps,target_color,cup_init_x,cup_init_y,cup_init_z
2026-02-08 21:27:21,arm,fail,529,unknown,nan,nan,nan
2026-02-08 21:48:10,arm,fail,532,unknown,nan,nan,nan
2026-02-08 21:48:36,arm,success,214,red,0.181520,0.171903,0.845000
2026-02-08 21:49:36,arm,fail,537,unknown,nan,nan,nan
2026-02-08 21:50:36,arm,fail,529,unknown,nan,nan,nan
2026-02-08 21:51:36,arm,fail,535,unknown,nan,nan,nan
2026-02-08 21:51:56,arm,success,169,blue,0.250099,0.244848,0.845000
2026-02-08 21:52:56,arm,fail,535,unknown,nan,nan,nan
2026-02-08 21:53:56,arm,fail,536,unknown,nan,nan,nan
2026-02-08 21:54:57,arm,fail,535,unknown,nan,nan,nan
2026-02-08 21:55:27,arm,success,252,blue,0.264130,0.229641,0.845000
2026-02-08 21:56:27,arm,fail,539,unknown,nan,nan,nan
2026-02-08 21:56:53,arm,success,207,red,0.189340,0.163250,0.845000
2026-02-08 21:57:54,arm,fail,532,unknown,nan,nan,nan
2026-02-08 21:58:54,arm,fail,531,unknown,nan,nan,nan
2026-02-08 21:59:22,arm,success,234,blue,0.267655,0.225523,0.845000
2026-02-08 22:00:00,arm,success,313,red,0.220244,0.118290,0.845000
2026-02-08 22:00:32,arm,success,256,blue,0.266014,0.227457,0.845000
2026-02-08 22:01:32,arm,fail,530,unknown,nan,nan,nan
2026-02-08 22:02:32,arm,fail,527,unknown,nan,nan,nan
2026-02-08 22:02:58,arm,success,209,red,0.197050,0.153855,0.845000
2026-02-08 22:03:58,arm,fail,539,unknown,nan,nan,nan
2026-02-08 22:04:58,arm,fail,531,unknown,nan,nan,nan
2026-02-08 22:05:58,arm,fail,533,unknown,nan,nan,nan
2026-02-08 22:06:59,arm,fail,531,unknown,nan,nan,nan
2026-02-08 22:07:59,arm,fail,536,unknown,nan,nan,nan
2026-02-08 22:08:59,arm,fail,529,unknown,nan,nan,nan
2026-02-08 22:09:59,arm,fail,536,unknown,nan,nan,nan
2026-02-08 22:10:27,arm,success,225,red,0.196304,0.154806,0.845000
2026-02-08 22:11:27,arm,fail,521,unknown,nan,nan,nan
2026-02-08 22:12:27,arm,fail,541,unknown,nan,nan,nan
2026-02-08 22:12:53,arm,success,217,blue,0.285025,0.203128,0.845000
2026-02-08 22:13:17,arm,success,190,red,0.246915,0.039156,0.845000
2026-02-08 22:14:17,arm,fail,538,unknown,nan,nan,nan
2026-02-08 22:14:49,arm,success,260,blue,0.251996,0.242895,0.845000
2026-02-08 22:15:49,arm,fail,535,unknown,nan,nan,nan
2026-02-08 22:16:49,arm,fail,532,unknown,nan,nan,nan
2026-02-08 22:17:49,arm,fail,536,unknown,nan,nan,nan
2026-02-08 22:18:49,arm,fail,530,unknown,nan,nan,nan
2026-02-08 22:19:12,arm,success,179,red,0.208764,0.137542,0.845000
2026-02-08 22:19:40,arm,success,228,red,0.186308,0.166701,0.845000
2026-02-08 22:20:05,arm,success,207,blue,0.329201,0.118856,0.845000
2026-02-08 22:21:05,arm,fail,533,unknown,nan,nan,nan
2026-02-08 22:22:05,arm,fail,540,unknown,nan,nan,nan
2026-02-08 22:23:05,arm,fail,528,unknown,nan,nan,nan
2026-02-08 22:24:06,arm,fail,526,unknown,nan,nan,nan
2026-02-08 22:25:06,arm,fail,531,unknown,nan,nan,nan
2026-02-08 22:25:32,arm,success,214,blue,0.309348,0.163719,0.845000
2026-02-08 22:25:57,arm,success,203,red,0.242596,0.060393,0.845000
2026-02-08 22:26:57,arm,fail,536,unknown,nan,nan,nan
2026-02-08 22:27:21,arm,success,195,red,0.238447,0.075121,0.845000
2026-02-08 22:28:21,arm,fail,531,unknown,nan,nan,nan
2026-02-08 22:29:21,arm,fail,535,unknown,nan,nan,nan
2026-02-08 22:29:48,arm,success,218,red,0.211567,0.133190,0.845000
2026-02-08 22:30:14,arm,success,215,red,0.194904,0.156564,0.845000
2026-02-08 22:30:37,arm,success,180,red,0.240149,0.069489,0.845000
2026-02-08 22:31:37,arm,fail,538,unknown,nan,nan,nan
2026-02-08 22:32:37,arm,fail,541,unknown,nan,nan,nan
2026-02-08 22:33:03,arm,success,208,red,0.243534,0.056489,0.845000
2026-02-08 22:34:03,arm,fail,534,unknown,nan,nan,nan
2026-02-08 22:34:30,arm,success,229,blue,0.283475,0.205285,0.845000
2026-02-08 22:35:31,arm,fail,531,unknown,nan,nan,nan
2026-02-08 22:36:31,arm,fail,533,unknown,nan,nan,nan
2026-02-08 22:37:31,arm,fail,526,unknown,nan,nan,nan
2026-02-08 22:38:32,arm,fail,536,unknown,nan,nan,nan
2026-02-08 22:38:59,arm,success,224,blue,0.310845,0.160859,0.845000
2026-02-08 22:39:32,arm,success,270,red,0.226174,0.106514,0.845000
2026-02-08 22:39:56,arm,success,197,red,0.239269,0.072460,0.845000
2026-02-08 22:40:23,arm,success,218,red,0.224833,0.109317,0.845000
2026-02-08 22:41:24,arm,fail,536,unknown,nan,nan,nan
2026-02-08 22:41:45,arm,success,174,red,0.211631,0.133088,0.845000
2026-02-08 22:42:09,arm,success,205,red,0.179820,0.173680,0.845000
2026-02-08 22:43:10,arm,fail,536,unknown,nan,nan,nan
2026-02-08 22:44:10,arm,fail,532,unknown,nan,nan,nan
2026-02-08 22:45:10,arm,fail,536,unknown,nan,nan,nan
2026-02-08 22:46:11,arm,fail,531,unknown,nan,nan,nan
2026-02-08 22:47:11,arm,fail,536,unknown,nan,nan,nan
2026-02-08 22:48:11,arm,fail,531,unknown,nan,nan,nan
2026-02-08 22:49:12,arm,fail,536,unknown,nan,nan,nan
2026-02-08 22:50:12,arm,fail,531,unknown,nan,nan,nan
2026-02-08 22:51:12,arm,fail,526,unknown,nan,nan,nan
2026-02-08 22:52:12,arm,fail,537,unknown,nan,nan,nan
2026-02-08 22:53:12,arm,fail,532,unknown,nan,nan,nan
2026-02-08 22:53:42,arm,success,242,blue,0.251282,0.243634,0.845000
2026-02-08 22:54:42,arm,fail,486,unknown,nan,nan,nan
2026-02-08 22:55:13,arm,success,254,blue,0.253177,0.241663,0.845000
2026-02-08 22:55:44,arm,success,255,blue,0.276105,0.215096,0.845000
2026-02-08 22:56:13,arm,success,240,red,0.216292,0.125371,0.845000
2026-02-08 22:57:14,arm,fail,518,unknown,nan,nan,nan
2026-02-08 22:58:14,arm,fail,546,unknown,nan,nan,nan
2026-02-08 22:59:14,arm,fail,569,unknown,nan,nan,nan
2026-02-08 23:00:14,arm,fail,571,unknown,nan,nan,nan
2026-02-08 23:01:15,arm,fail,576,unknown,nan,nan,nan
2026-02-08 23:02:15,arm,fail,571,unknown,nan,nan,nan
2026-02-08 23:03:15,arm,fail,571,unknown,nan,nan,nan
2026-02-08 23:03:41,arm,success,229,blue,0.285553,0.202385,0.845000
2026-02-08 23:04:08,arm,success,243,blue,0.264927,0.228722,0.845000
2026-02-08 23:05:08,arm,fail,581,unknown,nan,nan,nan
2026-02-08 23:05:30,arm,success,192,blue,0.264762,0.228913,0.845000
2026-02-08 23:06:30,arm,fail,576,unknown,nan,nan,nan
2026-02-08 23:07:30,arm,fail,571,unknown,nan,nan,nan
2026-02-08 23:30:05,arm,fail,571,unknown,nan,nan,nan
2026-02-08 23:31:05,arm,fail,576,unknown,nan,nan,nan
2026-02-08 23:32:05,arm,fail,569,unknown,nan,nan,nan
2026-02-08 23:33:06,arm,fail,566,unknown,nan,nan,nan
2026-02-08 23:33:24,arm,success,170,blue,0.299678,0.180812,0.845000
2026-02-08 23:34:24,arm,fail,571,unknown,nan,nan,nan
2026-02-08 23:34:47,arm,success,201,red,0.234593,0.086407,0.845000
2026-02-08 23:35:47,arm,fail,580,unknown,nan,nan,nan
2026-02-08 23:36:47,arm,fail,571,unknown,nan,nan,nan
2026-02-08 23:37:48,arm,fail,578,unknown,nan,nan,nan
2026-02-08 23:38:09,arm,success,189,red,0.242562,0.060528,0.845000
2026-02-08 23:39:09,arm,fail,573,unknown,nan,nan,nan
2026-02-08 23:40:09,arm,fail,571,unknown,nan,nan,nan
2026-02-08 23:41:10,arm,fail,576,unknown,nan,nan,nan
2026-02-08 23:42:10,arm,fail,576,unknown,nan,nan,nan
2026-02-08 23:42:35,arm,success,224,red,0.203661,0.144990,0.845000
2026-02-08 23:43:35,arm,fail,571,unknown,nan,nan,nan
2026-02-08 23:44:01,arm,success,233,red,0.183184,0.170129,0.845000
2026-02-08 23:45:01,arm,fail,576,unknown,nan,nan,nan
2026-02-08 23:46:02,arm,fail,581,unknown,nan,nan,nan
2026-02-08 23:47:02,arm,fail,571,unknown,nan,nan,nan
2026-02-08 23:48:02,arm,fail,574,unknown,nan,nan,nan
2026-02-08 23:48:25,arm,success,198,blue,0.288221,0.198566,0.845000
2026-02-08 23:48:49,arm,success,218,blue,0.277756,0.212959,0.845000
2026-02-08 23:49:11,arm,success,198,blue,0.340301,0.081826,0.845000
2026-02-08 23:49:39,arm,success,244,blue,0.327586,0.123238,0.845000
2026-02-08 23:50:39,arm,fail,574,unknown,nan,nan,nan
2026-02-08 23:51:39,arm,fail,571,unknown,nan,nan,nan
2026-02-08 23:52:02,arm,success,197,blue,0.339286,0.085935,0.845000
2026-02-08 23:52:28,arm,success,234,red,0.180198,0.173288,0.845000
2026-02-08 23:53:28,arm,fail,571,unknown,nan,nan,nan
2026-02-08 23:53:51,arm,success,203,red,0.241529,0.064526,0.845000
2026-02-08 23:54:51,arm,fail,572,unknown,nan,nan,nan
2026-02-08 23:55:14,arm,success,203,red,0.217257,0.123691,0.845000
2026-02-08 23:56:14,arm,fail,570,unknown,nan,nan,nan
2026-02-08 23:57:15,arm,fail,571,unknown,nan,nan,nan
2026-02-08 23:58:15,arm,fail,571,unknown,nan,nan,nan
2026-02-08 23:58:41,arm,success,233,blue,0.257236,0.237339,0.845000
2026-02-08 23:59:03,arm,success,186,red,0.244545,0.051938,0.845000
2026-02-09 00:00:03,arm,fail,566,unknown,nan,nan,nan
2026-02-09 00:01:03,arm,fail,575,unknown,nan,nan,nan
2026-02-09 00:02:03,arm,fail,568,unknown,nan,nan,nan
2026-02-09 00:03:03,arm,fail,568,unknown,nan,nan,nan
2026-02-09 00:04:04,arm,fail,571,unknown,nan,nan,nan
2026-02-09 00:05:04,arm,fail,571,unknown,nan,nan,nan
2026-02-09 00:06:04,arm,fail,570,unknown,nan,nan,nan
2026-02-09 00:07:04,arm,fail,571,unknown,nan,nan,nan
2026-02-09 00:07:28,arm,success,214,blue,0.334697,0.102363,0.845000
2026-02-09 00:08:29,arm,fail,576,unknown,nan,nan,nan
2026-02-09 00:08:53,arm,success,218,red,0.197473,0.153311,0.845000
2026-02-09 00:09:54,arm,fail,575,unknown,nan,nan,nan
2026-02-09 00:10:54,arm,fail,571,unknown,nan,nan,nan
2026-02-09 00:11:54,arm,fail,575,unknown,nan,nan,nan
2026-02-09 00:12:16,arm,success,192,blue,0.336713,0.095522,0.845000
2026-02-09 00:13:16,arm,fail,573,unknown,nan,nan,nan
2026-02-09 00:13:41,arm,success,223,red,0.206328,0.141169,0.845000
2026-02-09 00:14:41,arm,fail,572,unknown,nan,nan,nan
2026-02-09 00:15:03,arm,success,193,blue,0.328699,0.120237,0.845000
2026-02-09 00:16:03,arm,fail,572,unknown,nan,nan,nan
2026-02-09 00:16:32,arm,success,259,red,0.230102,0.097741,0.845000
2026-02-09 00:17:32,arm,fail,580,unknown,nan,nan,nan
2026-02-09 00:18:32,arm,fail,576,unknown,nan,nan,nan
2026-02-09 00:18:55,arm,success,207,red,0.217019,0.124108,0.845000
2026-02-09 00:19:19,arm,success,208,red,0.186529,0.166454,0.845000
2026-02-09 00:20:19,arm,fail,571,unknown,nan,nan,nan
2026-02-09 00:21:19,arm,fail,571,unknown,nan,nan,nan
2026-02-09 00:22:19,arm,fail,566,unknown,nan,nan,nan
2026-02-09 00:23:20,arm,fail,572,unknown,nan,nan,nan
2026-02-09 00:24:20,arm,fail,566,unknown,nan,nan,nan
2026-02-09 00:25:20,arm,fail,576,unknown,nan,nan,nan
2026-02-09 00:26:21,arm,fail,576,unknown,nan,nan,nan
2026-02-09 00:27:21,arm,fail,559,unknown,nan,nan,nan
2026-02-09 00:28:21,arm,fail,557,unknown,nan,nan,nan
2026-02-09 00:29:21,arm,fail,576,unknown,nan,nan,nan
2026-02-09 00:29:43,arm,success,195,red,0.237358,0.078493,0.845000
2026-02-09 00:30:43,arm,fail,575,unknown,nan,nan,nan
2026-02-09 00:31:09,arm,success,229,blue,0.268554,0.224452,0.845000
2026-02-09 00:32:09,arm,fail,571,unknown,nan,nan,nan
2026-02-09 00:32:34,arm,success,225,blue,0.274713,0.216870,0.845000
2026-02-09 00:33:35,arm,fail,575,unknown,nan,nan,nan
2026-02-09 00:33:58,arm,success,208,blue,0.314979,0.152606,0.845000
2026-02-09 00:34:58,arm,fail,568,unknown,nan,nan,nan
2026-02-09 00:35:18,arm,success,180,red,0.189858,0.162647,0.845000
2026-02-09 00:36:18,arm,fail,560,unknown,nan,nan,nan
2026-02-09 00:36:37,arm,success,161,blue,0.348087,0.036545,0.845000
2026-02-09 00:37:37,arm,fail,571,unknown,nan,nan,nan
2026-02-09 00:38:37,arm,fail,566,unknown,nan,nan,nan
2026-02-09 00:39:37,arm,fail,566,unknown,nan,nan,nan
2026-02-09 00:40:38,arm,fail,576,unknown,nan,nan,nan
2026-02-09 00:41:38,arm,fail,571,unknown,nan,nan,nan
2026-02-09 00:42:38,arm,fail,580,unknown,nan,nan,nan
2026-02-09 00:43:38,arm,fail,576,unknown,nan,nan,nan
2026-02-09 00:44:39,arm,fail,572,unknown,nan,nan,nan
2026-02-09 00:45:39,arm,fail,573,unknown,nan,nan,nan
2026-02-09 00:46:39,arm,fail,575,unknown,nan,nan,nan
2026-02-09 00:47:03,arm,success,216,red,0.244251,0.053304,0.845000
2026-02-09 00:48:04,arm,fail,571,unknown,nan,nan,nan
2026-02-09 00:49:04,arm,fail,571,unknown,nan,nan,nan
2026-02-09 00:50:04,arm,fail,572,unknown,nan,nan,nan
2026-02-09 00:51:04,arm,fail,571,unknown,nan,nan,nan
2026-02-09 11:58:19,arm,fail,581,unknown,nan,nan,nan
2026-02-09 11:58:44,arm,success,220,blue,0.294237,0.189537,0.845000
2026-02-09 11:59:44,arm,fail,566,unknown,nan,nan,nan
2026-02-09 12:00:44,arm,fail,576,unknown,nan,nan,nan
2026-02-09 12:01:08,arm,success,214,red,0.209406,0.136561,0.845000
2026-02-09 12:02:08,arm,fail,571,unknown,nan,nan,nan
2026-02-09 12:03:08,arm,fail,573,unknown,nan,nan,nan
2026-02-09 12:03:33,arm,success,228,red,0.190646,0.161722,0.845000
2026-02-09 12:04:01,arm,success,249,blue,0.282802,0.206211,0.845000
2026-02-09 12:05:01,arm,fail,571,unknown,nan,nan,nan
2026-02-09 12:06:01,arm,fail,587,unknown,nan,nan,nan
2026-02-09 12:07:01,arm,fail,576,unknown,nan,nan,nan
2026-02-09 12:08:01,arm,fail,571,unknown,nan,nan,nan
2026-02-09 12:09:02,arm,fail,572,unknown,nan,nan,nan
2026-02-09 12:10:02,arm,fail,576,unknown,nan,nan,nan
2026-02-09 12:11:02,arm,fail,575,unknown,nan,nan,nan
2026-02-09 12:12:02,arm,fail,576,unknown,nan,nan,nan
2026-02-09 12:13:03,arm,fail,576,unknown,nan,nan,nan
2026-02-09 12:14:03,arm,fail,570,unknown,nan,nan,nan
2026-02-09 12:15:03,arm,fail,570,unknown,nan,nan,nan
2026-02-09 12:16:03,arm,fail,569,unknown,nan,nan,nan
2026-02-09 12:17:03,arm,fail,570,unknown,nan,nan,nan
2026-02-09 12:18:04,arm,fail,571,unknown,nan,nan,nan
2026-02-09 12:18:24,arm,success,178,red,0.202111,0.147144,0.845000
2026-02-09 12:19:24,arm,fail,568,unknown,nan,nan,nan
2026-02-09 12:19:47,arm,success,207,red,0.249855,0.008507,0.845000
2026-02-09 12:20:47,arm,fail,580,unknown,nan,nan,nan
2026-02-09 12:21:47,arm,fail,561,unknown,nan,nan,nan
2026-02-09 12:22:14,arm,success,239,red,0.202685,0.146351,0.845000
2026-02-09 12:23:14,arm,fail,573,unknown,nan,nan,nan
2026-02-09 12:23:41,arm,success,242,red,0.203609,0.145063,0.845000
2026-02-09 12:24:41,arm,fail,569,unknown,nan,nan,nan
2026-02-09 12:25:02,arm,success,187,blue,0.345845,0.053771,0.845000
2026-02-09 12:26:02,arm,fail,575,unknown,nan,nan,nan
2026-02-09 12:27:02,arm,fail,573,unknown,nan,nan,nan
2026-02-09 12:28:03,arm,fail,546,unknown,nan,nan,nan
2026-02-09 12:28:24,arm,success,200,red,0.233796,0.088541,0.845000
2026-02-09 12:29:24,arm,fail,565,unknown,nan,nan,nan
2026-02-09 12:30:25,arm,fail,566,unknown,nan,nan,nan
2026-02-09 12:31:25,arm,fail,576,unknown,nan,nan,nan
2026-02-09 12:31:53,arm,success,247,red,0.181444,0.171983,0.845000
2026-02-09 12:32:53,arm,fail,571,unknown,nan,nan,nan
2026-02-09 12:33:19,arm,success,233,red,0.192033,0.160072,0.845000
2026-02-09 12:33:41,arm,success,199,blue,0.297796,0.183895,0.845000
2026-02-09 12:34:06,arm,success,223,red,0.191203,0.161064,0.845000
2026-02-09 12:35:06,arm,fail,576,unknown,nan,nan,nan
2026-02-09 12:36:06,arm,fail,578,unknown,nan,nan,nan
2026-02-09 12:36:32,arm,success,233,red,0.200420,0.149438,0.845000
2026-02-09 12:37:32,arm,fail,576,unknown,nan,nan,nan
2026-02-09 12:38:32,arm,fail,570,unknown,nan,nan,nan
2026-02-09 12:39:32,arm,fail,571,unknown,nan,nan,nan
2026-02-09 12:40:32,arm,fail,566,unknown,nan,nan,nan
2026-02-09 12:40:56,arm,success,216,red,0.204915,0.143212,0.845000
2026-02-09 12:41:17,arm,success,188,blue,0.294306,0.189431,0.845000
2026-02-09 12:42:17,arm,fail,573,unknown,nan,nan,nan
2026-02-09 12:43:18,arm,fail,581,unknown,nan,nan,nan
2026-02-09 12:43:36,arm,success,173,red,0.242301,0.061563,0.845000
2026-02-09 12:44:01,arm,success,227,red,0.187609,0.165236,0.845000
2026-02-09 12:45:02,arm,fail,586,unknown,nan,nan,nan
2026-02-09 12:46:02,arm,fail,572,unknown,nan,nan,nan
2026-02-09 12:47:02,arm,fail,576,unknown,nan,nan,nan
2026-02-09 12:48:02,arm,fail,576,unknown,nan,nan,nan
2026-02-09 12:49:03,arm,fail,571,unknown,nan,nan,nan
2026-02-09 12:50:03,arm,fail,576,unknown,nan,nan,nan
2026-02-09 12:50:29,arm,success,237,red,0.213427,0.130188,0.845000
2026-02-09 12:51:30,arm,fail,576,unknown,nan,nan,nan
2026-02-09 12:52:30,arm,fail,571,unknown,nan,nan,nan
2026-02-09 12:53:30,arm,fail,571,unknown,nan,nan,nan
2026-02-09 12:53:54,arm,success,206,red,0.185181,0.167952,0.845000
2026-02-09 12:54:16,arm,success,201,red,0.197662,0.153068,0.845000
2026-02-09 12:55:16,arm,fail,571,unknown,nan,nan,nan
2026-02-09 12:56:17,arm,fail,576,unknown,nan,nan,nan
2026-02-09 12:57:17,arm,fail,571,unknown,nan,nan,nan
2026-02-09 12:57:39,arm,success,203,red,0.244680,0.051300,0.845000
2026-02-09 12:58:40,arm,fail,576,unknown,nan,nan,nan
2026-02-09 12:59:40,arm,fail,576,unknown,nan,nan,nan
2026-02-09 13:00:34,arm,success,503,red,0.241498,0.064642,0.845000
2026-02-09 13:00:59,arm,success,223,red,0.189083,0.163547,0.845000
2026-02-09 13:01:24,arm,success,229,blue,0.299639,0.180877,0.845000
2026-02-09 13:02:25,arm,fail,581,unknown,nan,nan,nan
2026-02-09 13:03:25,arm,fail,576,unknown,nan,nan,nan
2026-02-09 13:03:45,arm,success,184,red,0.236783,0.080211,0.845000
2026-02-09 13:04:11,arm,success,227,red,0.193342,0.158490,0.845000
2026-02-09 13:04:33,arm,success,200,red,0.198830,0.151548,0.845000
2026-02-09 13:05:33,arm,fail,575,unknown,nan,nan,nan
2026-02-09 13:06:00,arm,success,238,blue,0.307511,0.167144,0.845000
2026-02-09 13:06:19,arm,success,175,blue,0.296129,0.186569,0.845000
2026-02-09 13:06:41,arm,success,210,blue,0.306524,0.168946,0.845000
2026-02-09 13:07:04,arm,success,202,blue,0.337816,0.091544,0.845000
2026-02-09 13:08:04,arm,fail,581,unknown,nan,nan,nan
2026-02-09 13:09:04,arm,fail,562,unknown,nan,nan,nan
2026-02-09 13:10:04,arm,fail,576,unknown,nan,nan,nan
2026-02-09 13:11:05,arm,fail,571,unknown,nan,nan,nan
2026-02-09 13:12:05,arm,fail,576,unknown,nan,nan,nan
2026-02-09 13:13:05,arm,fail,573,unknown,nan,nan,nan
2026-02-09 13:14:05,arm,fail,566,unknown,nan,nan,nan
2026-02-09 13:14:30,arm,success,220,red,0.204599,0.143664,0.845000
2026-02-09 13:15:30,arm,fail,581,unknown,nan,nan,nan
2026-02-09 13:16:30,arm,fail,579,unknown,nan,nan,nan
2026-02-09 13:17:30,arm,fail,571,unknown,nan,nan,nan
2026-02-09 14:05:20,arm,fail,580,unknown,nan,nan,nan
2026-02-09 14:05:37,arm,success,154,red,0.249258,0.019252,0.845000
2026-02-09 14:06:37,arm,fail,578,unknown,nan,nan,nan
2026-02-09 14:07:38,arm,fail,581,unknown,nan,nan,nan
2026-02-09 14:08:38,arm,fail,582,unknown,nan,nan,nan
2026-02-09 14:08:55,arm,success,153,red,0.203676,0.144969,0.845000
2026-02-09 14:09:12,arm,success,157,blue,0.275168,0.216293,0.845000
2026-02-09 14:09:28,arm,success,142,blue,0.290549,0.195144,0.845000
2026-02-09 14:10:28,arm,fail,572,unknown,nan,nan,nan
2026-02-09 14:10:44,arm,success,137,blue,0.297926,0.183685,0.845000
2026-02-09 14:11:44,arm,fail,581,unknown,nan,nan,nan
2026-02-09 14:12:44,arm,fail,579,unknown,nan,nan,nan
2026-02-09 14:13:02,arm,success,159,red,0.242789,0.059612,0.845000
2026-02-09 14:13:19,arm,success,155,red,0.181215,0.172224,0.845000
2026-02-09 14:14:20,arm,fail,577,unknown,nan,nan,nan
2026-02-09 14:14:38,arm,success,164,red,0.239114,0.072970,0.845000
2026-02-09 14:15:38,arm,fail,581,unknown,nan,nan,nan
2026-02-09 14:16:38,arm,fail,541,unknown,nan,nan,nan
2026-02-09 14:16:59,arm,success,182,blue,0.279810,0.210253,0.845000
2026-02-09 14:17:19,arm,success,185,blue,0.287704,0.199315,0.845000
2026-02-09 14:18:19,arm,fail,581,unknown,nan,nan,nan
2026-02-09 14:18:36,arm,success,143,blue,0.293438,0.190772,0.845000
2026-02-09 14:19:36,arm,fail,581,unknown,nan,nan,nan
2026-02-09 14:19:55,arm,success,169,blue,0.277690,0.213045,0.845000
2026-02-09 14:20:16,arm,success,200,red,0.249351,0.018001,0.845000
2026-02-09 14:21:17,arm,fail,576,unknown,nan,nan,nan
2026-02-09 14:21:38,arm,success,193,red,0.209900,0.135801,0.845000
2026-02-09 14:22:39,arm,fail,578,unknown,nan,nan,nan
2026-02-09 14:23:39,arm,fail,576,unknown,nan,nan,nan
2026-02-09 14:24:39,arm,fail,583,unknown,nan,nan,nan
2026-02-09 14:25:39,arm,fail,571,unknown,nan,nan,nan
2026-02-09 14:26:39,arm,fail,574,unknown,nan,nan,nan
2026-02-09 14:27:40,arm,fail,581,unknown,nan,nan,nan
2026-02-09 14:28:40,arm,fail,582,unknown,nan,nan,nan
2026-02-09 14:29:40,arm,fail,579,unknown,nan,nan,nan
2026-02-09 14:30:41,arm,fail,581,unknown,nan,nan,nan
2026-02-09 14:30:59,arm,success,164,red,0.200709,0.149050,0.845000
2026-02-09 14:31:17,arm,success,163,red,0.230281,0.097317,0.845000
2026-02-09 14:31:38,arm,success,185,blue,0.285579,0.202348,0.845000
2026-02-09 14:32:38,arm,fail,577,unknown,nan,nan,nan
2026-02-09 14:33:38,arm,fail,576,unknown,nan,nan,nan
2026-02-09 14:34:38,arm,fail,581,unknown,nan,nan,nan
2026-02-09 14:34:59,arm,success,179,red,0.239672,0.071115,0.845000
2026-02-09 14:35:59,arm,fail,580,unknown,nan,nan,nan
2026-02-09 14:36:17,arm,success,165,red,0.208683,0.137664,0.845000
2026-02-09 14:37:18,arm,fail,579,unknown,nan,nan,nan
2026-02-09 14:38:18,arm,fail,579,unknown,nan,nan,nan
2026-02-09 14:39:18,arm,fail,590,unknown,nan,nan,nan
2026-02-09 14:40:18,arm,fail,577,unknown,nan,nan,nan
2026-02-09 14:41:18,arm,fail,569,unknown,nan,nan,nan
2026-02-09 14:41:34,arm,success,142,red,0.234628,0.086312,0.845000
2026-02-09 14:42:34,arm,fail,579,unknown,nan,nan,nan
2026-02-09 14:43:35,arm,fail,587,unknown,nan,nan,nan
2026-02-09 14:44:35,arm,fail,576,unknown,nan,nan,nan
2026-02-09 14:44:53,arm,success,159,red,0.222080,0.114806,0.845000
2026-02-09 14:45:53,arm,fail,583,unknown,nan,nan,nan
2026-02-09 14:46:14,arm,success,191,blue,0.275144,0.216323,0.845000
2026-02-09 14:47:14,arm,fail,580,unknown,nan,nan,nan
2026-02-09 14:48:15,arm,fail,581,unknown,nan,nan,nan
2026-02-09 14:49:15,arm,fail,578,unknown,nan,nan,nan
2026-02-09 14:50:15,arm,fail,579,unknown,nan,nan,nan
2026-02-09 14:50:36,arm,success,197,blue,0.269857,0.222883,0.845000
2026-02-09 14:51:37,arm,fail,564,unknown,nan,nan,nan
2026-02-09 14:51:56,arm,success,176,red,0.218972,0.120629,0.845000
2026-02-09 14:52:15,arm,success,167,blue,0.310648,0.161239,0.845000
2026-02-09 14:53:15,arm,fail,571,unknown,nan,nan,nan
2026-02-09 14:54:15,arm,fail,569,unknown,nan,nan,nan
2026-02-09 14:55:16,arm,fail,571,unknown,nan,nan,nan
2026-02-09 14:56:16,arm,fail,576,unknown,nan,nan,nan
2026-02-09 14:57:16,arm,fail,575,unknown,nan,nan,nan
2026-02-09 14:58:16,arm,fail,570,unknown,nan,nan,nan
2026-02-09 14:58:35,arm,success,173,blue,0.292192,0.192676,0.845000
2026-02-09 14:59:36,arm,fail,566,unknown,nan,nan,nan
2026-02-09 15:00:36,arm,fail,579,unknown,nan,nan,nan
2026-02-09 15:01:36,arm,fail,576,unknown,nan,nan,nan
2026-02-09 15:02:37,arm,fail,576,unknown,nan,nan,nan
2026-02-09 15:02:54,arm,success,152,red,0.245865,0.045284,0.845000
2026-02-09 15:03:15,arm,success,187,blue,0.299295,0.181446,0.845000
2026-02-09 15:04:15,arm,fail,582,unknown,nan,nan,nan
2026-02-09 15:04:30,arm,success,139,blue,0.294362,0.189344,0.845000
2026-02-09 15:05:30,arm,fail,569,unknown,nan,nan,nan
2026-02-09 15:05:51,arm,success,190,red,0.216493,0.125023,0.845000
2026-02-09 15:06:12,arm,success,191,red,0.181544,0.171878,0.845000
2026-02-09 15:07:12,arm,fail,571,unknown,nan,nan,nan
2026-02-09 15:08:13,arm,fail,571,unknown,nan,nan,nan
2026-02-09 15:09:13,arm,fail,576,unknown,nan,nan,nan
2026-02-09 15:09:32,arm,success,167,blue,0.282103,0.207167,0.845000
2026-02-09 15:10:32,arm,fail,579,unknown,nan,nan,nan
2026-02-09 15:10:53,arm,success,187,blue,0.264954,0.228690,0.845000
2026-02-09 15:11:53,arm,fail,575,unknown,nan,nan,nan
2026-02-09 15:12:11,arm,success,169,red,0.178771,0.174759,0.845000
2026-02-09 15:13:11,arm,fail,577,unknown,nan,nan,nan
2026-02-09 15:13:31,arm,success,172,red,0.203303,0.145492,0.845000
2026-02-09 15:14:31,arm,fail,577,unknown,nan,nan,nan
2026-02-09 15:14:51,arm,success,177,red,0.195987,0.155206,0.845000
2026-02-09 15:15:51,arm,fail,576,unknown,nan,nan,nan
2026-02-09 15:16:09,arm,success,161,red,0.217448,0.123355,0.845000
2026-02-09 15:17:10,arm,fail,579,unknown,nan,nan,nan
2026-02-09 15:18:10,arm,fail,576,unknown,nan,nan,nan
2026-02-09 15:19:10,arm,fail,576,unknown,nan,nan,nan
2026-02-11 12:25:36,arm,success,0,blue,0.264995,0.228643,0.845000
2026-02-11 12:25:53,arm,success,174,red,0.249983,0.002902,0.845000
2026-02-11 12:26:16,arm,success,247,red,0.192026,0.160081,0.845000
2026-02-11 12:26:36,arm,success,216,red,0.195740,0.155518,0.845000
2026-02-11 12:26:55,arm,success,202,red,0.192989,0.158919,0.845000
2026-02-11 12:27:15,arm,success,206,red,0.207794,0.139003,0.845000
2026-02-11 12:27:33,arm,success,198,red,0.211073,0.133970,0.845000
2026-02-11 12:27:50,arm,success,181,red,0.200077,0.149898,0.845000
2026-02-11 12:28:11,arm,success,219,blue,0.349946,0.006155,0.845000
2026-02-11 12:28:32,arm,success,229,red,0.244418,0.052534,0.845000
2026-02-11 12:28:48,arm,success,171,red,0.247801,0.033086,0.845000
2026-02-11 12:29:48,arm,fail,695,unknown,nan,nan,nan
2026-02-11 12:30:07,arm,success,186,red,0.249540,0.015159,0.845000
2026-02-11 12:30:26,arm,success,201,blue,0.346486,0.049469,0.845000
2026-02-11 12:31:26,arm,fail,719,unknown,nan,nan,nan
2026-02-11 12:31:42,arm,success,170,red,0.249978,0.003289,0.845000
2026-02-11 12:32:03,arm,success,216,red,0.199873,0.150170,0.845000
2026-02-11 12:32:29,arm,success,278,blue,0.339560,0.084848,0.845000
2026-02-11 12:32:46,arm,success,178,red,0.248858,0.023869,0.845000
2026-02-11 12:33:46,arm,fail,692,unknown,nan,nan,nan
2026-02-11 12:34:14,arm,success,294,blue,0.248605,0.246364,0.845000
2026-02-11 12:34:34,arm,success,222,blue,0.271142,0.221319,0.845000
2026-02-11 12:34:54,arm,success,206,red,0.199454,0.150725,0.845000
2026-02-11 12:35:11,arm,success,185,blue,0.346881,0.046621,0.845000
2026-02-11 12:35:27,arm,success,170,red,0.249816,0.009600,0.845000
2026-02-11 12:35:51,arm,success,248,blue,0.248357,0.246615,0.845000
2026-02-11 12:36:51,arm,fail,698,unknown,nan,nan,nan
2026-02-11 12:37:14,arm,success,239,red,0.185875,0.167184,0.845000
2026-02-11 12:37:31,arm,success,182,red,0.249999,0.000664,0.845000
2026-02-11 12:38:31,arm,fail,697,unknown,nan,nan,nan
2026-02-11 12:38:48,arm,success,177,blue,0.349957,0.005479,0.845000
2026-02-11 12:39:20,arm,success,351,red,0.188666,0.164028,0.845000
2026-02-11 12:40:20,arm,fail,700,unknown,nan,nan,nan
2026-02-11 12:40:38,arm,success,192,red,0.249651,0.013208,0.845000
2026-02-11 12:40:59,arm,success,227,blue,0.344429,0.062201,0.845000
2026-02-11 12:41:59,arm,fail,737,unknown,nan,nan,nan
2026-02-11 12:42:16,arm,success,175,blue,0.343336,0.067971,0.845000
2026-02-11 12:42:29,arm,success,142,blue,0.349772,0.012623,0.845000
2026-02-11 12:42:46,arm,success,186,red,0.246652,0.040779,0.845000
2026-02-11 12:43:46,arm,fail,694,unknown,nan,nan,nan
2026-02-11 12:44:05,arm,success,202,red,0.186856,0.166086,0.845000
2026-02-11 12:45:05,arm,fail,687,unknown,nan,nan,nan
2026-02-11 12:45:26,arm,success,219,red,0.193477,0.158325,0.845000
2026-02-11 12:45:42,arm,success,180,red,0.248863,0.023820,0.845000
2026-02-11 12:46:00,arm,success,200,blue,0.345447,0.056268,0.845000
2026-02-11 12:47:01,arm,fail,695,unknown,nan,nan,nan
2026-02-11 12:47:17,arm,success,172,blue,0.349855,0.010072,0.845000
2026-02-11 12:47:35,arm,success,196,blue,0.347465,0.042045,0.845000
2026-02-11 12:47:52,arm,success,177,blue,0.349755,0.013106,0.845000
2026-02-11 12:48:12,arm,success,220,blue,0.323501,0.133594,0.845000
2026-02-11 12:49:12,arm,fail,695,unknown,nan,nan,nan
2026-02-11 12:49:34,arm,success,229,red,0.191107,0.161177,0.845000
2026-02-11 12:49:54,arm,success,216,red,0.177601,0.175948,0.845000
2026-02-11 12:50:11,arm,success,184,red,0.248662,0.025831,0.845000
2026-02-11 12:50:28,arm,success,180,red,0.242583,0.060445,0.845000
2026-02-11 12:50:48,arm,success,216,red,0.217894,0.122566,0.845000
2026-02-11 12:51:49,arm,fail,699,unknown,nan,nan,nan
2026-02-11 12:52:49,arm,fail,704,unknown,nan,nan,nan
2026-02-11 12:53:12,arm,success,252,red,0.191085,0.161203,0.845000
2026-02-11 12:54:12,arm,fail,687,unknown,nan,nan,nan
2026-02-11 12:54:33,arm,success,224,blue,0.289742,0.196340,0.845000
2026-02-11 12:54:50,arm,success,183,red,0.249589,0.014324,0.845000
2026-02-11 12:55:07,arm,success,185,red,0.244105,0.053969,0.845000
2026-02-11 12:55:31,arm,success,262,blue,0.277680,0.213059,0.845000
2026-02-11 12:56:00,arm,success,310,blue,0.252523,0.242347,0.845000
2026-02-11 12:56:16,arm,success,180,red,0.241911,0.063080,0.845000
2026-02-11 12:56:39,arm,success,241,blue,0.263550,0.230307,0.845000
2026-02-11 12:56:57,arm,success,201,blue,0.338188,0.090160,0.845000
2026-02-11 12:57:16,arm,success,195,red,0.247137,0.037727,0.845000
2026-02-11 12:57:36,arm,success,216,red,0.244879,0.050340,0.845000
2026-02-11 12:57:55,arm,success,208,blue,0.343557,0.066850,0.845000
2026-02-11 12:58:22,arm,success,284,blue,0.295127,0.188150,0.845000
2026-02-11 12:58:44,arm,success,245,red,0.183993,0.169253,0.845000
2026-02-11 12:59:02,arm,success,196,red,0.207378,0.139623,0.845000
2026-02-11 12:59:23,arm,success,240,red,0.192566,0.159431,0.845000
2026-02-11 12:59:47,arm,success,249,blue,0.321087,0.139296,0.845000
2026-02-11 13:00:47,arm,fail,692,unknown,nan,nan,nan
2026-02-11 13:01:05,arm,success,195,red,0.247394,0.036000,0.845000
2026-02-11 13:02:05,arm,fail,697,unknown,nan,nan,nan
2026-02-11 13:02:21,arm,success,178,red,0.249981,0.003050,0.845000
2026-02-11 13:02:43,arm,success,232,red,0.198621,0.151822,0.845000
2026-02-11 13:02:59,arm,success,172,red,0.248563,0.026762,0.845000
2026-02-11 13:03:19,arm,success,216,red,0.180561,0.172910,0.845000
2026-02-11 13:03:35,arm,success,185,blue,0.330969,0.113839,0.845000
2026-02-11 13:03:59,arm,success,261,blue,0.349945,0.006199,0.845000
2026-02-11 13:04:19,arm,success,205,red,0.212142,0.132271,0.845000
2026-02-11 13:05:19,arm,fail,692,unknown,nan,nan,nan
2026-02-11 13:05:42,arm,success,244,blue,0.272386,0.219786,0.845000
2026-02-11 13:06:00,arm,success,201,blue,0.346096,0.052133,0.845000
2026-02-11 13:07:01,arm,fail,698,unknown,nan,nan,nan
2026-02-11 13:07:23,arm,success,240,red,0.195683,0.155590,0.845000
2026-02-11 13:07:46,arm,success,247,blue,0.267393,0.225834,0.845000
2026-02-11 13:08:07,arm,success,220,red,0.212606,0.131524,0.845000
2026-02-11 13:08:25,arm,success,196,red,0.239840,0.070546,0.845000
2026-02-11 13:08:49,arm,success,269,blue,0.256723,0.237893,0.845000
2026-02-11 13:09:08,arm,success,199,blue,0.337603,0.092326,0.845000
2026-02-11 13:09:26,arm,success,198,blue,0.349826,0.011030,0.845000
2026-02-11 13:09:55,arm,success,318,blue,0.270565,0.222024,0.845000
2026-02-11 13:10:12,arm,success,183,red,0.249633,0.013548,0.845000
2026-02-11 13:10:29,arm,success,183,red,0.247227,0.037132,0.845000
2026-02-11 13:16:02,arm,success,318,blue,0.283368,0.205433,0.845000
2026-02-11 13:25:37,arm,success,260,red,0.245622,0.046580,0.845000
2026-02-11 13:26:37,arm,fail,694,unknown,nan,nan,nan
2026-02-11 13:27:00,arm,success,255,red,0.247510,0.035199,0.845000
2026-02-11 13:30:10,arm,success,334,red,0.187637,0.165204,0.845000
2026-02-11 13:30:38,arm,success,301,red,0.207825,0.138957,0.845000
2026-02-11 13:30:58,arm,success,221,blue,0.349976,0.004069,0.845000
2026-02-11 13:31:29,arm,success,338,blue,0.283545,0.205188,0.845000
2026-02-11 13:31:59,arm,success,319,red,0.180265,0.173218,0.845000
2026-02-11 13:32:19,arm,success,220,blue,0.348695,0.030197,0.845000
2026-02-11 13:32:39,arm,success,225,red,0.249973,0.003646,0.845000
2026-02-11 13:33:02,arm,success,252,red,0.244453,0.052373,0.845000
2026-02-11 13:33:29,arm,success,293,red,0.198225,0.152338,0.845000
2026-02-11 13:33:53,arm,success,264,red,0.243018,0.058673,0.845000
2026-02-11 13:34:18,arm,success,279,red,0.212079,0.132373,0.845000
2026-02-11 13:34:42,arm,success,264,red,0.249870,0.008046,0.845000
2026-02-11 13:35:08,arm,success,277,red,0.250000,0.000368,0.845000
2026-02-11 13:37:08,arm,fail,1409,unknown,nan,nan,nan
2026-02-11 13:38:01,arm,success,576,blue,0.330414,0.115440,0.845000
2026-02-11 13:38:23,arm,success,248,red,0.248200,0.029947,0.845000
2026-02-11 13:38:44,arm,success,221,blue,0.348790,0.029083,0.845000
2026-02-11 13:40:44,arm,fail,1401,unknown,nan,nan,nan
2026-02-11 13:41:08,arm,success,260,blue,0.350000,0.000283,0.845000
2026-02-11 13:41:33,arm,success,277,blue,0.344861,0.059757,0.845000
2026-02-11 13:42:07,arm,success,371,blue,0.339760,0.084041,0.845000
2026-02-11 13:44:07,arm,fail,1401,unknown,nan,nan,nan
2026-02-11 13:44:35,arm,success,304,blue,0.347332,0.043134,0.845000
2026-02-11 13:46:35,arm,fail,1404,unknown,nan,nan,nan
2026-02-11 13:47:01,arm,success,285,red,0.179598,0.173909,0.845000
2026-02-11 13:47:33,arm,success,345,blue,0.253854,0.240953,0.845000
2026-02-11 13:47:58,arm,success,278,blue,0.345445,0.056285,0.845000
2026-02-11 13:48:26,arm,success,311,red,0.213272,0.130442,0.845000
2026-02-11 13:48:52,arm,success,272,red,0.200806,0.148919,0.845000
2026-02-11 13:50:52,arm,fail,1391,unknown,nan,nan,nan
2026-02-11 13:51:41,arm,success,536,blue,0.249380,0.245580,0.845000
2026-02-11 13:52:08,arm,success,294,red,0.190310,0.162117,0.845000
2026-02-11 13:52:34,arm,success,278,red,0.185849,0.167213,0.845000
2026-02-11 13:53:08,arm,success,376,blue,0.260452,0.233805,0.845000
2026-02-11 13:53:37,arm,success,308,red,0.185282,0.167841,0.845000
2026-02-11 13:54:09,arm,success,349,blue,0.340533,0.080855,0.845000
2026-02-11 13:54:33,arm,success,259,red,0.249429,0.016885,0.845000
2026-02-11 13:55:06,arm,success,368,blue,0.255958,0.238716,0.845000
2026-02-11 13:55:34,arm,success,305,red,0.201140,0.148468,0.845000
2026-02-11 13:56:01,arm,success,283,red,0.180949,0.172504,0.845000
2026-02-11 13:56:31,arm,success,330,blue,0.247556,0.247419,0.845000
2026-02-11 13:58:31,arm,fail,1393,unknown,nan,nan,nan
2026-02-11 13:58:55,arm,success,261,blue,0.349355,0.021238,0.845000
2026-02-11 13:59:27,arm,success,350,blue,0.287545,0.199544,0.845000
2026-02-11 14:01:27,arm,fail,1369,unknown,nan,nan,nan
2026-02-11 14:01:50,arm,success,251,red,0.241242,0.065593,0.845000
2026-02-11 14:02:21,arm,success,338,red,0.191561,0.160637,0.845000
2026-02-11 14:02:48,arm,success,286,red,0.244052,0.054211,0.845000
2026-02-11 14:04:48,arm,fail,1380,unknown,nan,nan,nan
2026-02-11 14:06:48,arm,fail,1395,unknown,nan,nan,nan
2026-02-11 14:07:09,arm,success,231,blue,0.349657,0.015483,0.845000
2026-02-11 14:07:36,arm,success,301,blue,0.275723,0.215584,0.845000
2026-02-11 14:09:37,arm,fail,1377,unknown,nan,nan,nan
2026-02-11 14:11:37,arm,fail,1390,unknown,nan,nan,nan
2026-02-11 14:11:58,arm,success,223,red,0.250000,0.000057,0.845000
2026-02-11 14:12:26,arm,success,305,red,0.197042,0.153865,0.845000
2026-02-11 14:12:53,arm,success,295,red,0.250000,0.000005,0.845000
2026-02-11 14:13:16,arm,success,251,red,0.249552,0.014959,0.845000
2026-02-11 14:15:16,arm,fail,1394,unknown,nan,nan,nan
2026-02-11 14:17:16,arm,fail,1389,unknown,nan,nan,nan
2026-02-11 14:17:44,arm,success,303,blue,0.250647,0.244287,0.845000
2026-02-11 14:18:12,arm,success,311,blue,0.348640,0.030826,0.845000
2026-02-11 14:18:46,arm,success,376,blue,0.337905,0.091217,0.845000
2026-02-11 14:19:05,arm,success,199,red,0.248245,0.029568,0.845000
2026-02-11 14:21:05,arm,fail,1399,unknown,nan,nan,nan
2026-02-11 14:21:27,arm,success,237,red,0.249954,0.004801,0.845000
2026-02-11 14:21:48,arm,success,223,red,0.243695,0.055792,0.845000
2026-02-11 14:22:19,arm,success,332,blue,0.347752,0.039603,0.845000
2026-02-11 14:22:39,arm,success,212,red,0.249530,0.015324,0.845000
2026-02-11 14:23:01,arm,success,237,red,0.249750,0.011178,0.845000
2026-02-11 14:25:01,arm,fail,1405,unknown,nan,nan,nan
2026-02-11 14:25:30,arm,success,317,red,0.179642,0.173864,0.845000
2026-02-11 14:27:30,arm,fail,1407,unknown,nan,nan,nan
2026-02-11 14:27:57,arm,success,300,red,0.218833,0.120881,0.845000
2026-02-11 14:28:22,arm,success,271,red,0.239727,0.070929,0.845000
2026-02-11 14:28:52,arm,success,328,red,0.183506,0.169781,0.845000
2026-02-11 14:29:17,arm,success,265,blue,0.349864,0.009756,0.845000
2026-02-11 14:29:46,arm,success,310,red,0.225044,0.108882,0.845000
2026-02-11 14:31:46,arm,fail,1397,unknown,nan,nan,nan
2026-02-11 14:33:46,arm,fail,1393,unknown,nan,nan,nan
2026-02-11 14:34:13,arm,success,293,blue,0.344266,0.063092,0.845000
2026-02-11 14:36:13,arm,fail,1409,unknown,nan,nan,nan
2026-02-11 14:36:34,arm,success,235,blue,0.349413,0.020262,0.845000
2026-02-11 14:37:01,arm,success,296,red,0.177061,0.176492,0.845000
2026-02-11 14:37:22,arm,success,220,red,0.249758,0.010987,0.845000
2026-02-11 14:37:46,arm,success,256,red,0.249192,0.020089,0.845000
2026-02-11 14:38:08,arm,success,236,red,0.249810,0.009748,0.845000
2026-02-11 14:38:28,arm,success,215,red,0.244451,0.052378,0.845000
2026-02-11 14:38:52,arm,success,265,blue,0.348108,0.036339,0.845000
2026-02-11 14:39:17,arm,success,270,red,0.248296,0.029137,0.845000
2026-02-11 14:39:44,arm,success,289,blue,0.281768,0.207622,0.845000
2026-02-11 14:40:11,arm,success,295,red,0.184164,0.169067,0.845000
2026-02-11 14:42:11,arm,fail,1383,unknown,nan,nan,nan
2026-02-11 14:42:44,arm,success,358,blue,0.281840,0.207524,0.845000
2026-02-11 14:43:09,arm,success,269,blue,0.347356,0.042943,0.845000
2026-02-11 14:43:38,arm,success,320,blue,0.256077,0.238589,0.845000
2026-02-11 14:44:11,arm,success,354,blue,0.259798,0.234532,0.845000
2026-02-11 14:44:34,arm,success,252,blue,0.348521,0.032143,0.845000
2026-02-11 14:45:00,arm,success,280,red,0.249305,0.018626,0.845000
2026-02-11 14:45:21,arm,success,225,blue,0.349892,0.008703,0.845000
2026-02-11 14:57:24,arm,fail,721,unknown,nan,nan,nan
2026-02-11 14:57:40,arm,success,174,blue,0.349986,0.003124,0.845000
2026-02-11 14:58:02,arm,success,239,blue,0.268857,0.224089,0.845000
2026-02-11 14:58:28,arm,success,278,blue,0.284435,0.203953,0.845000
2026-02-11 14:58:45,arm,success,190,red,0.214222,0.128875,0.845000
2026-02-11 14:59:05,arm,success,216,blue,0.349598,0.016771,0.845000
2026-02-11 14:59:22,arm,success,194,blue,0.270654,0.221916,0.845000
2026-02-11 14:59:40,arm,success,188,blue,0.349862,0.009825,0.845000
2026-02-11 14:59:58,arm,success,195,red,0.249711,0.012016,0.845000
2026-02-11 15:00:16,arm,success,194,blue,0.349926,0.007195,0.845000
2026-02-11 15:00:35,arm,success,204,red,0.248342,0.028747,0.845000
2026-02-11 15:01:35,arm,fail,713,unknown,nan,nan,nan
2026-02-11 15:01:59,arm,success,258,blue,0.276701,0.214328,0.845000
2026-02-11 15:02:18,arm,success,212,blue,0.349202,0.023626,0.845000
2026-02-11 15:02:39,arm,success,217,red,0.191823,0.160325,0.845000
2026-02-11 15:03:39,arm,fail,697,unknown,nan,nan,nan
2026-02-11 15:04:39,arm,fail,711,unknown,nan,nan,nan
2026-02-11 15:04:59,arm,success,214,red,0.209521,0.136385,0.845000
2026-02-11 15:05:22,arm,success,252,red,0.190853,0.161478,0.845000
2026-02-11 15:06:06,arm,success,495,blue,0.249132,0.245832,0.845000
2026-02-11 15:06:30,arm,success,252,blue,0.271450,0.220941,0.845000
2026-02-11 15:06:52,arm,success,252,red,0.181575,0.171845,0.845000
2026-02-11 15:07:11,arm,success,203,red,0.249969,0.003934,0.845000
2026-02-11 15:07:28,arm,success,177,red,0.246211,0.043360,0.845000
2026-02-11 15:07:46,arm,success,193,red,0.202113,0.147140,0.845000
2026-02-11 15:08:03,arm,success,182,red,0.247888,0.032426,0.845000
2026-02-11 15:08:24,arm,success,228,red,0.206448,0.140994,0.845000
2026-02-11 15:08:44,arm,success,215,red,0.245924,0.044959,0.845000
2026-02-11 15:09:01,arm,success,187,blue,0.338251,0.089924,0.845000
2026-02-11 15:09:24,arm,success,246,blue,0.279326,0.210896,0.845000
2026-02-11 15:10:24,arm,fail,702,unknown,nan,nan,nan
2026-02-11 15:10:41,arm,success,184,red,0.247664,0.034095,0.845000
2026-02-11 15:11:01,arm,success,211,red,0.247390,0.036029,0.845000
2026-02-11 15:11:18,arm,success,177,blue,0.349769,0.012705,0.845000
2026-02-11 15:12:18,arm,fail,641,unknown,nan,nan,nan
2026-02-11 15:12:40,arm,success,236,red,0.216105,0.125693,0.845000
2026-02-11 15:12:57,arm,success,187,blue,0.349257,0.022789,0.845000
2026-02-11 15:13:18,arm,success,222,blue,0.251179,0.243740,0.845000
2026-02-11 15:13:36,arm,success,192,red,0.246823,0.039730,0.845000
2026-02-11 15:14:36,arm,fail,702,unknown,nan,nan,nan
2026-02-11 15:15:36,arm,fail,697,unknown,nan,nan,nan
2026-02-11 15:15:56,arm,success,214,blue,0.339230,0.086155,0.845000
2026-02-11 15:16:15,arm,success,207,blue,0.289913,0.196087,0.845000
2026-02-11 15:16:31,arm,success,172,red,0.249934,0.005761,0.845000
2026-02-11 15:16:51,arm,success,212,red,0.204886,0.143254,0.845000
2026-02-11 15:17:16,arm,success,264,blue,0.349314,0.021906,0.845000
2026-02-11 15:17:36,arm,success,220,blue,0.349828,0.010984,0.845000
2026-02-11 15:17:58,arm,success,237,blue,0.250956,0.243970,0.845000
2026-02-11 15:18:20,arm,success,241,red,0.187562,0.165290,0.845000
2026-02-11 15:18:40,arm,success,218,blue,0.275669,0.215654,0.845000
2026-02-11 15:18:56,arm,success,170,blue,0.348942,0.027196,0.845000
2026-02-11 15:19:21,arm,success,272,blue,0.270150,0.222529,0.845000
2026-02-11 15:20:21,arm,fail,700,unknown,nan,nan,nan
2026-02-11 15:20:42,arm,success,221,red,0.190550,0.161835,0.845000
2026-02-11 15:21:03,arm,success,231,red,0.207334,0.139688,0.845000
2026-02-11 15:22:04,arm,fail,701,unknown,nan,nan,nan
2026-02-11 15:23:04,arm,fail,713,unknown,nan,nan,nan
2026-02-11 15:23:20,arm,success,175,red,0.246521,0.041561,0.845000
2026-02-11 15:23:34,arm,success,149,red,0.249980,0.003159,0.845000
2026-02-11 15:23:54,arm,success,218,red,0.201524,0.147947,0.845000
2026-02-11 15:24:17,arm,success,249,blue,0.250697,0.244236,0.845000
2026-02-11 15:25:17,arm,fail,710,unknown,nan,nan,nan
2026-02-11 15:25:41,arm,success,265,red,0.191422,0.160803,0.845000
2026-02-11 15:26:03,arm,success,238,blue,0.324557,0.131006,0.845000
2026-02-11 15:27:03,arm,fail,714,unknown,nan,nan,nan
2026-02-11 15:27:22,arm,success,194,red,0.247560,0.034845,0.845000
2026-02-11 15:28:22,arm,fail,718,unknown,nan,nan,nan
2026-02-11 15:28:41,arm,success,206,red,0.249370,0.017742,0.845000
2026-02-11 15:28:55,arm,success,164,red,0.248915,0.023269,0.845000
2026-02-11 15:29:16,arm,success,219,blue,0.289007,0.197420,0.845000
2026-02-11 15:29:37,arm,success,225,blue,0.254021,0.240777,0.845000
2026-02-11 15:30:37,arm,fail,726,unknown,nan,nan,nan
2026-02-11 15:31:01,arm,success,266,blue,0.335925,0.098258,0.845000
2026-02-11 15:31:17,arm,success,171,red,0.248608,0.026343,0.845000
2026-02-11 15:32:17,arm,fail,713,unknown,nan,nan,nan
2026-02-11 15:33:18,arm,fail,711,unknown,nan,nan,nan
2026-02-11 15:33:37,arm,success,210,blue,0.300638,0.179211,0.845000
2026-02-11 15:33:55,arm,success,197,blue,0.348366,0.033785,0.845000
2026-02-11 15:34:14,arm,success,212,red,0.243223,0.057815,0.845000
2026-02-11 15:34:30,arm,success,175,blue,0.349741,0.013460,0.845000
2026-02-11 15:34:48,arm,success,199,blue,0.279744,0.210340,0.845000
2026-02-11 15:35:48,arm,fail,710,unknown,nan,nan,nan
2026-02-11 15:36:49,arm,fail,704,unknown,nan,nan,nan
2026-02-11 15:37:08,arm,success,204,blue,0.348366,0.033783,0.845000
2026-02-11 15:38:08,arm,fail,702,unknown,nan,nan,nan
2026-02-11 15:39:08,arm,fail,702,unknown,nan,nan,nan
2026-02-11 15:39:29,arm,success,229,blue,0.278917,0.211437,0.845000
2026-02-11 15:39:47,arm,success,192,blue,0.343188,0.068717,0.845000
2026-02-11 15:40:03,arm,success,174,blue,0.349307,0.022010,0.845000
2026-02-11 15:41:03,arm,fail,702,unknown,nan,nan,nan
2026-02-11 15:41:21,arm,success,196,blue,0.344944,0.059276,0.845000
2026-02-11 15:41:39,arm,success,190,red,0.243326,0.057379,0.845000
2026-02-11 15:42:39,arm,fail,711,unknown,nan,nan,nan
2026-02-11 15:43:02,arm,success,241,blue,0.259128,0.235272,0.845000
2026-02-11 15:43:19,arm,success,192,red,0.249432,0.016837,0.845000
2026-02-11 15:43:41,arm,success,233,blue,0.248662,0.246307,0.845000
2026-02-11 15:44:41,arm,fail,689,unknown,nan,nan,nan
2026-02-11 15:45:42,arm,fail,705,unknown,nan,nan,nan
2026-02-11 15:46:00,arm,success,196,blue,0.343436,0.067465,0.845000
2026-02-11 15:46:19,arm,success,207,red,0.181627,0.171790,0.845000
2026-02-11 15:48:28,arm,success,249,blue,0.276408,0.214705,0.845000
2026-02-11 15:48:49,arm,success,230,red,0.213197,0.130565,0.845000
2026-02-11 15:49:50,arm,fail,703,unknown,nan,nan,nan
2026-02-11 15:50:11,arm,success,234,red,0.193440,0.158370,0.845000
2026-02-11 15:50:27,arm,success,172,red,0.249725,0.011712,0.845000
2026-02-11 15:50:46,arm,success,202,blue,0.342363,0.072716,0.845000
2026-02-11 15:51:07,arm,success,227,blue,0.339860,0.083639,0.845000
2026-02-11 15:51:25,arm,success,192,red,0.249997,0.001158,0.845000
2026-02-11 15:52:25,arm,fail,705,unknown,nan,nan,nan
2026-02-11 15:52:43,arm,success,195,red,0.246565,0.041303,0.845000
2026-02-11 15:52:59,arm,success,172,red,0.249292,0.018805,0.845000
2026-02-11 15:53:16,arm,success,179,red,0.249978,0.003343,0.845000
2026-02-11 15:53:32,arm,success,171,red,0.247833,0.032847,0.845000
2026-02-11 15:53:49,arm,success,185,red,0.249515,0.015567,0.845000
2026-02-11 15:54:49,arm,fail,706,unknown,nan,nan,nan
2026-02-11 15:55:49,arm,fail,713,unknown,nan,nan,nan
2026-02-11 15:56:11,arm,success,241,red,0.179442,0.174070,0.845000
2026-02-11 15:57:12,arm,fail,698,unknown,nan,nan,nan
2026-02-11 15:57:33,arm,success,231,blue,0.261916,0.232164,0.845000
2026-02-11 15:57:57,arm,success,257,red,0.206086,0.141522,0.845000
2026-02-11 15:58:15,arm,success,192,red,0.211007,0.134075,0.845000
2026-02-11 15:58:30,arm,success,168,blue,0.349362,0.021116,0.845000
2026-02-11 15:58:50,arm,success,215,red,0.185809,0.167257,0.845000
2026-02-11 15:59:50,arm,fail,720,unknown,nan,nan,nan
2026-02-11 16:00:08,arm,success,194,blue,0.348829,0.028603,0.845000
2026-02-11 16:00:25,arm,success,181,red,0.249342,0.018129,0.845000
2026-02-11 16:00:45,arm,success,213,red,0.215353,0.126976,0.845000
2026-02-11 16:01:45,arm,fail,710,unknown,nan,nan,nan
2026-02-11 16:02:01,arm,success,173,blue,0.349193,0.023751,0.845000
2026-02-11 16:02:20,arm,success,213,red,0.194733,0.156777,0.845000
2026-02-11 16:02:37,arm,success,181,blue,0.349508,0.018551,0.845000
2026-02-11 16:02:58,arm,success,224,blue,0.333414,0.106465,0.845000
2026-02-11 16:03:58,arm,fail,721,unknown,nan,nan,nan
2026-02-11 16:04:16,arm,success,193,red,0.216086,0.125725,0.845000
2026-02-11 16:04:33,arm,success,191,red,0.247817,0.032963,0.845000
2026-02-11 16:04:51,arm,success,197,blue,0.349735,0.013616,0.845000
2026-02-11 16:05:12,arm,success,219,red,0.190188,0.162261,0.845000
2026-02-11 16:05:35,arm,success,256,red,0.191465,0.160752,0.845000
2026-02-11 16:05:54,arm,success,206,red,0.204644,0.143599,0.845000
2026-02-11 16:06:54,arm,fail,720,unknown,nan,nan,nan
2026-02-11 16:07:14,arm,success,216,red,0.211109,0.133915,0.845000
2026-02-11 16:08:14,arm,fail,709,unknown,nan,nan,nan
2026-02-11 16:09:15,arm,fail,721,unknown,nan,nan,nan
2026-02-11 16:10:15,arm,fail,729,unknown,nan,nan,nan
2026-02-11 16:10:37,arm,success,249,blue,0.258530,0.235928,0.845000
2026-02-11 16:10:52,arm,success,165,blue,0.349861,0.009877,0.845000
2026-02-11 16:11:13,arm,success,225,blue,0.268247,0.224819,0.845000
2026-02-11 16:11:34,arm,success,225,red,0.237417,0.078316,0.845000
2026-02-11 16:12:34,arm,fail,717,unknown,nan,nan,nan
2026-02-11 16:12:55,arm,success,223,blue,0.251550,0.243357,0.845000
2026-02-11 16:13:11,arm,success,175,blue,0.349306,0.022030,0.845000
2026-02-11 16:13:27,arm,success,179,blue,0.349613,0.016459,0.845000
2026-02-11 16:13:45,arm,success,193,red,0.244895,0.050265,0.845000
2026-02-11 16:14:45,arm,fail,713,unknown,nan,nan,nan
2026-02-11 16:15:02,arm,success,185,blue,0.349471,0.019232,0.845000
2026-02-11 16:16:02,arm,fail,695,unknown,nan,nan,nan
2026-02-11 16:16:21,arm,success,201,blue,0.349778,0.012465,0.845000
2026-02-11 16:16:41,arm,success,211,red,0.225605,0.107714,0.845000
2026-02-11 16:17:41,arm,fail,697,unknown,nan,nan,nan
2026-02-11 16:18:09,arm,success,298,red,0.193214,0.158645,0.845000
2026-02-11 16:18:29,arm,success,221,red,0.191175,0.161096,0.845000
2026-02-11 16:18:50,arm,success,225,red,0.231719,0.093842,0.845000
2026-02-11 16:19:09,arm,success,203,blue,0.272284,0.219913,0.845000
2026-02-11 16:19:30,arm,success,234,blue,0.252779,0.242080,0.845000
2026-02-11 16:19:47,arm,success,186,blue,0.349652,0.015614,0.845000
2026-02-11 16:20:06,arm,success,204,red,0.218492,0.121496,0.845000
2026-02-11 16:20:32,arm,success,286,blue,0.247677,0.247298,0.845000
2026-02-11 16:20:53,arm,success,228,red,0.183800,0.169463,0.845000
2026-02-11 16:21:54,arm,fail,705,unknown,nan,nan,nan
2026-02-11 16:22:54,arm,fail,697,unknown,nan,nan,nan
2026-02-11 16:23:17,arm,success,252,blue,0.269399,0.223438,0.845000
2026-02-11 16:23:38,arm,success,226,blue,0.280906,0.208787,0.845000
2026-02-11 16:24:08,arm,success,329,blue,0.260844,0.233367,0.845000
2026-02-11 16:24:27,arm,success,201,blue,0.349687,0.014800,0.845000
2026-02-11 16:24:43,arm,success,178,red,0.249941,0.005443,0.845000
2026-02-11 16:25:03,arm,success,224,red,0.194909,0.156558,0.845000
2026-02-11 16:25:18,arm,success,157,blue,0.349828,0.010963,0.845000
2026-02-11 16:25:39,arm,success,227,blue,0.301832,0.177194,0.845000
2026-02-11 16:26:00,arm,success,234,red,0.226319,0.106205,0.845000
2026-02-11 16:26:18,arm,success,193,red,0.249755,0.011061,0.845000
2026-02-11 16:26:41,arm,success,252,blue,0.334415,0.103280,0.845000
2026-02-11 16:27:00,arm,success,200,blue,0.349957,0.005483,0.845000
2026-02-11 16:27:19,arm,success,212,blue,0.345370,0.056739,0.845000
2026-02-11 16:27:41,arm,success,238,blue,0.345049,0.058665,0.845000
2026-02-11 16:28:01,arm,success,217,blue,0.347752,0.039607,0.845000
2026-02-11 16:28:56,arm,success,631,blue,0.275257,0.216180,0.845000
2026-02-11 16:29:56,arm,fail,711,unknown,nan,nan,nan
2026-02-11 16:30:15,arm,success,214,red,0.195916,0.155296,0.845000
2026-02-11 16:30:37,arm,success,227,red,0.199272,0.150965,0.845000
2026-02-11 16:30:58,arm,success,228,red,0.206789,0.140494,0.845000
2026-02-11 16:31:21,arm,success,253,blue,0.281865,0.207491,0.845000
2026-02-11 16:32:22,arm,fail,704,unknown,nan,nan,nan
2026-02-11 16:32:41,arm,success,209,red,0.188592,0.164113,0.845000
2026-02-11 16:33:41,arm,fail,696,unknown,nan,nan,nan
2026-02-11 16:34:41,arm,fail,705,unknown,nan,nan,nan
2026-02-11 16:35:02,arm,success,227,red,0.189754,0.162768,0.845000
2026-02-11 16:35:19,arm,success,182,red,0.249754,0.011078,0.845000
2026-02-11 16:35:39,arm,success,216,red,0.201909,0.147421,0.845000
2026-02-11 16:36:39,arm,fail,712,unknown,nan,nan,nan
2026-02-11 16:36:55,arm,success,161,blue,0.349938,0.006579,0.845000
2026-02-12 11:08:32,arm,success,179,blue,0.349925,0.007254,0.845000
2026-02-12 11:08:47,arm,success,165,red,0.249992,0.001941,0.845000
2026-02-12 11:09:24,arm,success,189,red,0.248601,0.026408,0.845000
2026-02-12 11:09:41,arm,success,187,red,0.243108,0.058297,0.845000
2026-02-12 11:11:28,arm,fail,793,unknown,nan,nan,nan
2026-02-12 11:11:45,arm,success,222,red,0.200264,0.149647,0.845000
2026-02-12 11:12:00,arm,success,198,red,0.249582,0.014458,0.845000
2026-02-12 11:14:56,arm,success,271,red,0.249584,0.014419,0.845000
2026-02-12 11:16:28,arm,success,244,red,0.245043,0.049538,0.845000
2026-02-12 11:17:03,arm,success,381,blue,0.329539,0.117915,0.845000
2026-02-12 11:17:25,arm,success,235,blue,0.349100,0.025089,0.845000
2026-02-12 11:17:51,arm,success,279,red,0.239680,0.071087,0.845000
2026-02-14 20:13:20,arm,success,716,blue,0.256833,0.237775,0.845000
2026-02-14 20:21:56,arm,success,565,red,0.245695,0.046197,0.845000
2026-02-14 20:22:23,arm,success,636,blue,0.279486,0.210683,0.845000
2026-02-14 20:23:23,arm,fail,1664,unknown,nan,nan,nan
2026-02-14 20:23:44,arm,success,499,blue,0.349920,0.007498,0.845000
2026-02-14 20:24:14,arm,success,705,red,0.195561,0.155744,0.845000
2026-02-14 20:24:41,arm,success,631,red,0.196101,0.155063,0.845000
2026-02-14 20:25:03,arm,success,537,red,0.237463,0.078174,0.845000
2026-02-14 20:25:34,arm,success,725,red,0.238401,0.075267,0.845000
2026-02-14 20:25:56,arm,success,513,blue,0.343252,0.068396,0.845000
2026-02-14 20:26:56,arm,fail,1692,unknown,nan,nan,nan
2026-02-14 20:27:26,arm,success,735,blue,0.280315,0.209580,0.845000
2026-02-14 20:27:48,arm,success,521,red,0.248998,0.022358,0.845000
2026-02-14 20:28:11,arm,success,571,red,0.200555,0.149257,0.845000
2026-02-14 20:29:12,arm,fail,1684,unknown,nan,nan,nan
2026-02-14 20:29:32,arm,success,494,red,0.247901,0.032329,0.845000
2026-02-14 20:29:59,arm,success,633,blue,0.253875,0.240930,0.845000
2026-02-14 20:30:19,arm,success,475,blue,0.349539,0.017960,0.845000
2026-02-14 20:30:43,arm,success,552,blue,0.347542,0.041407,0.845000
2026-02-14 20:31:02,arm,success,455,red,0.249967,0.004070,0.845000
2026-02-14 20:31:34,arm,success,767,blue,0.248896,0.246071,0.845000
2026-02-14 20:32:04,arm,success,712,blue,0.286013,0.201733,0.845000
2026-02-14 20:32:28,arm,success,568,blue,0.265196,0.228410,0.845000
2026-02-14 20:32:52,arm,success,588,blue,0.344491,0.061853,0.845000
2026-02-14 20:33:09,arm,success,404,blue,0.349472,0.019215,0.845000
2026-02-14 20:33:40,arm,success,712,blue,0.331433,0.112483,0.845000
2026-02-14 20:34:04,arm,success,570,blue,0.348489,0.032490,0.845000
2026-02-14 20:35:04,arm,fail,1603,unknown,nan,nan,nan
2026-02-14 20:35:27,arm,success,549,red,0.177402,0.176149,0.845000
2026-02-14 20:35:52,arm,success,585,red,0.185267,0.167857,0.845000
2026-02-14 20:36:17,arm,success,607,blue,0.277215,0.213662,0.845000
2026-02-14 20:36:45,arm,success,652,red,0.205646,0.142161,0.845000
2026-02-14 20:37:05,arm,success,477,red,0.249407,0.017210,0.845000
2026-02-14 20:38:05,arm,fail,1656,unknown,nan,nan,nan
2026-02-14 20:38:25,arm,success,472,red,0.242550,0.060575,0.845000
2026-02-14 20:38:49,arm,success,577,red,0.200458,0.149387,0.845000
2026-02-14 20:39:49,arm,fail,1692,unknown,nan,nan,nan
2026-02-14 20:40:26,arm,success,870,red,0.182750,0.170594,0.845000
2026-02-14 20:41:26,arm,fail,1573,unknown,nan,nan,nan
2026-02-14 20:41:53,arm,success,614,red,0.205852,0.141863,0.845000
2026-02-14 20:42:11,arm,success,437,blue,0.349791,0.012093,0.845000
2026-02-14 20:42:33,arm,success,511,red,0.243797,0.055346,0.845000
2026-02-14 20:43:30,arm,success,1264,blue,0.280500,0.209331,0.845000
2026-02-14 20:43:52,arm,success,500,blue,0.349597,0.016793,0.845000
2026-02-14 20:44:16,arm,success,558,red,0.204265,0.144138,0.845000
2026-02-14 20:44:49,arm,success,796,red,0.225681,0.107556,0.845000
2026-02-14 20:45:23,arm,success,777,blue,0.300759,0.179009,0.845000
2026-02-14 20:45:45,arm,success,538,red,0.249725,0.011732,0.845000
2026-02-14 20:46:46,arm,fail,1657,unknown,nan,nan,nan
2026-02-14 20:47:14,arm,success,668,blue,0.338481,0.089054,0.845000
2026-02-14 20:47:32,arm,success,442,blue,0.349027,0.026076,0.845000
2026-02-14 20:48:07,arm,success,831,blue,0.256446,0.238192,0.845000
2026-02-14 20:48:29,arm,success,510,blue,0.349289,0.022300,0.845000
2026-02-14 20:48:49,arm,success,469,blue,0.348825,0.028658,0.845000
2026-02-14 20:49:15,arm,success,592,blue,0.257726,0.236806,0.845000
2026-02-14 20:49:34,arm,success,477,red,0.249719,0.011853,0.845000
2026-02-14 20:50:35,arm,fail,1678,unknown,nan,nan,nan
2026-02-14 20:51:35,arm,fail,1662,unknown,nan,nan,nan
2026-02-14 20:52:01,arm,success,609,red,0.185038,0.168110,0.845000
2026-02-14 20:52:27,arm,success,612,red,0.182461,0.170903,0.845000
2026-02-14 20:52:49,arm,success,529,blue,0.343600,0.066628,0.845000
2026-02-14 20:53:49,arm,fail,1672,unknown,nan,nan,nan
2026-02-14 20:54:18,arm,success,700,blue,0.263322,0.230568,0.845000
2026-02-14 20:54:39,arm,success,476,red,0.246048,0.044278,0.845000
2026-02-14 20:54:59,arm,success,486,red,0.249938,0.005552,0.845000
2026-02-14 20:55:30,arm,success,743,blue,0.249520,0.245437,0.845000
2026-02-14 20:55:53,arm,success,533,blue,0.346093,0.052152,0.845000
2026-02-14 20:56:12,arm,success,445,red,0.249996,0.001468,0.845000
2026-02-14 20:56:33,arm,success,488,red,0.248945,0.022942,0.845000
2026-02-14 20:56:56,arm,success,558,red,0.211329,0.133567,0.845000
2026-02-14 20:57:19,arm,success,527,red,0.247693,0.033883,0.845000
2026-02-14 20:57:39,arm,success,476,blue,0.349951,0.005871,0.845000
2026-02-14 20:58:01,arm,success,508,blue,0.347008,0.045668,0.845000
2026-02-14 20:58:26,arm,success,579,red,0.244803,0.050711,0.845000
2026-02-14 20:58:50,arm,success,579,blue,0.346274,0.050934,0.845000
2026-02-14 20:59:13,arm,success,560,red,0.240982,0.066540,0.845000
2026-02-14 20:59:39,arm,success,613,blue,0.270770,0.221774,0.845000
2026-02-14 21:00:08,arm,success,657,blue,0.278626,0.211819,0.845000
2026-02-14 21:00:23,arm,success,379,red,0.249969,0.003912,0.845000
2026-02-14 21:00:41,arm,success,429,red,0.250000,0.000405,0.845000
2026-02-14 21:01:14,arm,success,740,red,0.200526,0.149295,0.845000
2026-02-14 21:01:33,arm,success,436,blue,0.348269,0.034766,0.845000
2026-02-14 21:01:55,arm,success,513,blue,0.349204,0.023589,0.845000
2026-02-14 21:02:17,arm,success,529,red,0.249829,0.009246,0.845000
2026-02-14 21:03:17,arm,fail,1685,unknown,nan,nan,nan
2026-02-14 21:03:46,arm,success,670,blue,0.339745,0.084102,0.845000
2026-02-14 21:04:18,arm,success,727,blue,0.268578,0.224423,0.845000
2026-02-14 21:05:18,arm,fail,1682,unknown,nan,nan,nan
2026-02-14 21:05:39,arm,success,480,red,0.247101,0.037961,0.845000
2026-02-14 21:06:39,arm,fail,1645,unknown,nan,nan,nan
2026-02-14 21:07:03,arm,success,579,blue,0.286611,0.200884,0.845000
2026-02-14 21:07:29,arm,success,641,red,0.198509,0.151967,0.845000
2026-02-14 21:07:54,arm,success,582,red,0.217255,0.123694,0.845000
2026-02-14 21:08:14,arm,success,457,red,0.249045,0.021836,0.845000
2026-02-14 21:08:37,arm,success,554,blue,0.345004,0.058926,0.845000
2026-02-14 21:09:05,arm,success,676,blue,0.253312,0.241522,0.845000
2026-02-14 21:09:47,arm,success,953,blue,0.333871,0.105023,0.845000
2026-02-14 21:10:47,arm,fail,1645,unknown,nan,nan,nan
2026-02-14 21:11:10,arm,success,548,red,0.246209,0.043374,0.845000
2026-02-14 21:11:34,arm,success,564,red,0.233335,0.089747,0.845000
2026-02-14 21:12:35,arm,fail,1680,unknown,nan,nan,nan
2026-02-17 11:23:24,arm,success,638,red,0.203216,0.145614,0.475000
2026-02-17 11:23:45,arm,success,379,blue,0.348339,0.034057,0.475000
2026-02-17 11:24:15,arm,success,567,red,0.183146,0.170169,0.475000
2026-02-17 11:24:50,arm,success,666,blue,0.251853,0.243043,0.475000
2026-02-17 11:25:13,arm,success,444,red,0.238683,0.074367,0.475000
2026-02-17 11:25:43,arm,success,590,blue,0.302217,0.176535,0.475000
2026-02-17 11:26:12,arm,success,553,red,0.236166,0.082011,0.475000
2026-02-17 11:27:12,arm,fail,1499,unknown,nan,nan,nan
2026-02-17 11:27:40,arm,success,545,red,0.240316,0.068909,0.475000
2026-02-17 11:28:05,arm,success,484,blue,0.347952,0.037810,0.475000
2026-02-17 11:28:32,arm,success,536,red,0.247466,0.035508,0.475000
2026-02-17 11:28:59,arm,success,534,blue,0.335692,0.099052,0.475000
2026-02-17 11:29:21,arm,success,415,blue,0.349300,0.022126,0.475000
2026-02-17 11:29:47,arm,success,505,blue,0.348936,0.027270,0.475000
2026-02-17 11:30:12,arm,success,492,red,0.244714,0.051136,0.475000
2026-02-17 11:30:40,arm,success,543,blue,0.340406,0.081386,0.475000
2026-02-17 11:31:04,arm,success,483,blue,0.344456,0.062051,0.475000
2026-02-17 11:31:28,arm,success,444,red,0.249734,0.011530,0.475000
2026-02-17 11:31:59,arm,success,606,blue,0.285424,0.202567,0.475000
2026-02-17 11:32:26,arm,success,534,red,0.243462,0.056801,0.475000
2026-02-17 11:32:50,arm,success,420,blue,0.349067,0.025539,0.475000
2026-02-17 11:33:19,arm,success,576,blue,0.338468,0.089105,0.475000
2026-02-17 11:33:48,arm,success,549,red,0.225488,0.107960,0.475000
2026-02-17 11:34:13,arm,success,454,red,0.249869,0.008098,0.475000
2026-02-17 11:34:45,arm,success,646,red,0.182139,0.171246,0.475000
2026-02-17 11:35:10,arm,success,484,red,0.242713,0.059920,0.475000
2026-02-17 11:35:34,arm,success,465,red,0.248620,0.026229,0.475000
2026-02-17 11:36:06,arm,success,625,blue,0.263264,0.230634,0.475000
2026-02-17 11:36:38,arm,success,626,blue,0.281829,0.207538,0.475000
2026-02-17 11:37:09,arm,success,603,blue,0.273909,0.217885,0.475000
2026-02-17 11:37:33,arm,success,443,blue,0.349682,0.014923,0.475000
2026-02-17 11:37:58,arm,success,478,blue,0.349649,0.015681,0.475000
2026-02-17 11:38:29,arm,success,590,blue,0.273695,0.218154,0.475000
2026-02-17 11:39:00,arm,success,615,red,0.200639,0.149144,0.475000
2026-02-17 11:39:30,arm,success,594,blue,0.266079,0.227381,0.475000
2026-02-17 11:39:53,arm,success,417,red,0.249537,0.015213,0.475000
2026-02-17 11:40:16,arm,success,444,red,0.249713,0.011976,0.475000
2026-02-17 11:40:46,arm,success,583,red,0.196611,0.154415,0.475000
2026-02-17 11:41:14,arm,success,569,blue,0.286249,0.201398,0.475000
2026-02-17 11:41:37,arm,success,436,blue,0.347387,0.042687,0.475000
2026-02-17 11:42:04,arm,success,523,blue,0.343543,0.066919,0.475000
2026-02-17 11:42:36,arm,success,578,blue,0.287093,0.200195,0.475000
2026-02-17 11:43:00,arm,success,456,blue,0.349994,0.002079,0.475000
2026-02-17 11:43:27,arm,success,532,blue,0.338398,0.089367,0.475000
2026-02-17 11:43:52,arm,success,474,blue,0.349997,0.001400,0.475000
2026-02-17 11:44:18,arm,success,498,blue,0.348030,0.037079,0.475000
2026-02-17 11:44:48,arm,success,587,red,0.206064,0.141554,0.475000
2026-02-17 11:45:49,arm,fail,1430,unknown,nan,nan,nan
2026-02-17 11:46:20,arm,success,603,red,0.193848,0.157870,0.475000
2026-02-17 11:46:52,arm,success,609,blue,0.287364,0.199805,0.475000
2026-02-17 11:47:18,arm,success,484,red,0.248829,0.024170,0.475000
2026-02-17 11:47:44,arm,success,496,blue,0.345409,0.056502,0.475000
2026-02-17 11:48:07,arm,success,435,blue,0.348095,0.036469,0.475000
2026-02-17 11:48:38,arm,success,578,red,0.209435,0.136517,0.475000
2026-02-17 11:49:07,arm,success,555,red,0.213169,0.130611,0.475000
2026-02-17 11:49:37,arm,success,589,red,0.190538,0.161850,0.475000
2026-02-17 11:50:09,arm,success,622,blue,0.281976,0.207339,0.475000
2026-02-17 11:50:37,arm,success,528,blue,0.286332,0.201281,0.475000
2026-02-17 11:51:06,arm,success,611,blue,0.249926,0.245025,0.475000
2026-02-17 11:51:49,arm,success,805,blue,0.257269,0.237303,0.475000
2026-02-17 11:52:19,arm,success,589,blue,0.262530,0.231469,0.475000
2026-02-17 11:52:51,arm,success,618,blue,0.276961,0.213991,0.475000
2026-02-17 11:53:20,arm,success,550,red,0.185242,0.167885,0.475000
2026-02-17 11:53:46,arm,success,496,blue,0.345915,0.053320,0.475000
2026-02-17 11:54:12,arm,success,495,red,0.245502,0.047210,0.475000
2026-02-17 11:54:41,arm,success,548,red,0.183879,0.169377,0.475000
2026-02-17 11:55:05,arm,success,462,blue,0.349696,0.014581,0.475000
2026-02-17 11:55:33,arm,success,522,red,0.249977,0.003423,0.475000
2026-02-17 11:55:52,arm,success,368,blue,0.348289,0.034562,0.475000
2026-02-17 11:56:27,arm,success,673,blue,0.299407,0.181260,0.475000
2026-02-17 11:56:47,arm,success,389,red,0.250000,0.000015,0.475000
2026-02-17 11:57:15,arm,success,479,red,0.240372,0.068710,0.475000
2026-02-17 11:57:42,arm,success,553,red,0.188769,0.163909,0.475000
2026-02-17 11:58:14,arm,success,612,blue,0.283735,0.204925,0.475000
2026-02-17 11:58:46,arm,success,596,red,0.190522,0.161869,0.475000
2026-02-17 11:59:17,arm,success,601,blue,0.272601,0.219520,0.475000
2026-02-17 11:59:43,arm,success,493,blue,0.346291,0.050819,0.475000
2026-02-17 12:00:17,arm,success,671,red,0.178925,0.174602,0.475000
2026-02-17 12:00:42,arm,success,522,blue,0.264956,0.228688,0.475000
2026-02-17 12:01:13,arm,success,596,red,0.187444,0.165422,0.475000
2026-02-17 12:02:13,arm,fail,1577,unknown,nan,nan,nan
2026-02-17 12:02:34,arm,success,396,blue,0.349623,0.016249,0.475000
2026-02-17 12:03:12,arm,success,754,blue,0.258211,0.236278,0.475000
2026-02-17 12:03:38,arm,success,501,red,0.248556,0.026834,0.475000
2026-02-17 12:04:11,arm,success,656,red,0.197603,0.153144,0.475000
2026-02-17 12:04:35,arm,success,467,red,0.249516,0.015544,0.475000
2026-02-17 12:04:59,arm,success,444,red,0.249617,0.013825,0.475000
2026-02-17 12:05:30,arm,success,594,red,0.190932,0.161385,0.475000
2026-02-17 12:05:55,arm,success,478,red,0.246085,0.044072,0.475000
2026-02-17 12:06:24,arm,success,557,red,0.180562,0.172908,0.475000
2026-02-17 12:06:52,arm,success,537,red,0.211589,0.133155,0.475000
2026-02-17 12:07:25,arm,success,643,red,0.178125,0.175418,0.475000
2026-02-17 12:07:50,arm,success,482,red,0.247174,0.037485,0.475000
2026-02-17 12:08:15,arm,success,468,red,0.247318,0.036524,0.475000
2026-02-17 12:09:15,arm,fail,1074,unknown,nan,nan,nan
2026-02-17 12:09:53,arm,success,718,red,0.184364,0.168849,0.475000
2026-02-17 12:10:24,arm,success,614,red,0.185025,0.168124,0.475000
2026-02-17 12:10:55,arm,success,599,red,0.198731,0.151677,0.475000
2026-02-17 12:11:24,arm,success,564,red,0.238921,0.073598,0.475000
2026-02-17 12:11:49,arm,success,485,red,0.241521,0.064556,0.475000
2026-02-18 19:24:39,arm,success,585,red,0.180545,0.172926,0.475000
2026-02-18 19:25:12,arm,success,597,blue,0.311730,0.159137,0.475000
2026-02-18 19:26:13,arm,fail,1341,unknown,nan,nan,nan
2026-02-18 19:26:37,arm,success,415,red,0.249330,0.018286,0.475000
2026-02-18 19:27:37,arm,fail,1401,unknown,nan,nan,nan
2026-02-18 19:28:12,arm,success,679,blue,0.262667,0.231314,0.475000
2026-02-18 19:28:46,arm,success,638,red,0.188665,0.164029,0.475000
2026-02-18 19:29:19,arm,success,630,blue,0.330266,0.115865,0.475000
2026-02-18 19:29:51,arm,success,591,red,0.198423,0.152080,0.475000
2026-02-18 19:30:21,arm,success,591,red,0.212855,0.131121,0.475000
2026-02-18 19:30:53,arm,success,607,red,0.188918,0.163738,0.475000
2026-02-18 19:31:23,arm,success,577,blue,0.345038,0.058728,0.475000
2026-02-18 19:31:50,arm,success,512,blue,0.346213,0.051348,0.475000
2026-02-18 19:32:23,arm,success,635,blue,0.277556,0.213220,0.475000
2026-02-18 20:02:01,arm,success,677,red,0.184678,0.168505,0.475000
2026-02-18 20:02:33,arm,success,651,blue,0.341130,0.078297,0.475000
2026-02-18 20:02:58,arm,success,472,red,0.249923,0.006218,0.475000
2026-02-18 20:03:29,arm,success,596,blue,0.337132,0.094033,0.475000
2026-02-18 20:04:10,arm,success,815,blue,0.310981,0.160595,0.475000
2026-02-18 20:04:44,arm,success,677,red,0.208317,0.138217,0.475000
2026-02-18 20:05:22,arm,success,756,blue,0.338081,0.090561,0.475000
2026-02-18 20:05:56,arm,success,665,red,0.191707,0.160463,0.475000
2026-02-18 20:06:28,arm,success,640,red,0.185106,0.168035,0.475000
2026-02-18 20:07:02,arm,success,666,red,0.191840,0.160304,0.475000
2026-02-18 20:07:44,arm,success,920,blue,0.248245,0.246728,0.475000
2026-02-18 20:08:44,arm,fail,1585,unknown,nan,nan,nan
2026-02-18 20:09:09,arm,success,472,blue,0.349440,0.019798,0.475000
2026-02-18 20:09:38,arm,success,581,blue,0.347056,0.045300,0.475000
2026-02-18 20:10:02,arm,success,442,red,0.249594,0.014250,0.475000
2026-02-18 20:10:33,arm,success,563,red,0.249995,0.001518,0.475000
2026-02-18 20:11:02,arm,success,575,blue,0.345241,0.057521,0.475000
2026-02-18 20:11:37,arm,success,677,blue,0.299756,0.180683,0.475000
2026-02-18 20:12:03,arm,success,490,blue,0.349937,0.006616,0.475000
2026-02-18 20:12:28,arm,success,486,blue,0.349987,0.003001,0.475000
2026-02-18 20:12:51,arm,success,454,red,0.247806,0.033048,0.475000
2026-02-18 20:13:51,arm,fail,1581,unknown,nan,nan,nan
2026-02-18 20:14:24,arm,success,635,red,0.205032,0.143044,0.475000
2026-02-18 20:14:57,arm,success,651,blue,0.335215,0.100651,0.475000
2026-02-18 20:15:30,arm,success,675,red,0.222363,0.114257,0.475000
2026-02-18 20:15:59,arm,success,550,red,0.246217,0.043329,0.475000
2026-02-18 20:16:28,arm,success,567,blue,0.342148,0.073722,0.475000
2026-02-18 20:17:00,arm,success,606,red,0.214512,0.128392,0.475000
2026-02-18 20:17:32,arm,success,629,red,0.240593,0.067935,0.475000
2026-02-18 20:18:32,arm,fail,1577,unknown,nan,nan,nan
2026-02-18 20:19:04,arm,success,610,red,0.211984,0.132524,0.475000
2026-02-18 20:19:38,arm,success,656,red,0.205511,0.142356,0.475000
2026-02-18 20:20:07,arm,success,538,blue,0.349894,0.008628,0.475000
2026-02-18 20:20:38,arm,success,599,blue,0.314575,0.153436,0.475000
2026-02-18 20:21:38,arm,fail,1569,unknown,nan,nan,nan
2026-02-18 20:22:06,arm,success,542,blue,0.348707,0.030061,0.475000
2026-02-18 20:22:36,arm,success,621,red,0.245476,0.047347,0.475000
2026-02-18 20:23:36,arm,fail,1549,unknown,nan,nan,nan
2026-02-18 20:24:04,arm,success,528,red,0.248504,0.027308,0.475000
2026-02-18 20:24:32,arm,success,556,red,0.223092,0.112828,0.475000
2026-02-18 20:25:07,arm,success,692,blue,0.255165,0.239564,0.475000
2026-02-18 20:25:40,arm,success,627,red,0.185932,0.167121,0.475000
2026-02-18 20:26:12,arm,success,606,red,0.213497,0.130073,0.475000
2026-02-18 20:26:39,arm,success,541,blue,0.346770,0.047438,0.475000
2026-02-18 20:27:13,arm,success,669,blue,0.292154,0.192734,0.475000
2026-02-18 20:27:48,arm,success,705,blue,0.249887,0.245064,0.475000
2026-02-18 20:28:24,arm,success,738,red,0.180858,0.172599,0.475000
2026-02-18 20:28:57,arm,success,684,blue,0.283227,0.205627,0.475000
2026-02-18 20:29:57,arm,fail,1574,unknown,nan,nan,nan
2026-02-18 20:30:29,arm,success,617,red,0.220699,0.117440,0.475000
2026-02-18 20:30:54,arm,success,471,red,0.249706,0.012120,0.475000
2026-02-18 20:31:27,arm,success,629,red,0.199840,0.150213,0.475000
2026-02-18 20:31:52,arm,success,479,blue,0.349838,0.010632,0.475000
2026-02-18 20:32:22,arm,success,598,red,0.221376,0.116158,0.475000
2026-02-18 20:32:55,arm,success,628,red,0.213394,0.130241,0.475000
2026-02-18 20:33:24,arm,success,563,red,0.243158,0.058086,0.475000
2026-02-18 20:33:58,arm,success,651,red,0.213281,0.130427,0.475000
2026-02-18 20:34:24,arm,success,499,blue,0.345353,0.056843,0.475000
2026-02-18 20:34:55,arm,success,604,red,0.178898,0.174629,0.475000
2026-02-18 20:35:29,arm,success,677,blue,0.270655,0.221914,0.475000
2026-02-18 20:35:54,arm,success,503,red,0.249760,0.010953,0.475000
2026-02-18 20:36:25,arm,success,586,red,0.248497,0.027370,0.475000
2026-02-18 20:36:55,arm,success,596,red,0.248256,0.029477,0.475000
2026-02-18 20:37:27,arm,success,642,red,0.185083,0.168060,0.475000
2026-02-18 20:38:03,arm,success,680,blue,0.276229,0.214936,0.475000
2026-02-18 20:38:41,arm,success,771,blue,0.287880,0.199060,0.475000
2026-02-18 20:39:41,arm,fail,1277,unknown,nan,nan,nan
2026-02-18 20:40:15,arm,success,676,blue,0.337849,0.091422,0.475000
2026-02-18 20:40:45,arm,success,584,red,0.249110,0.021080,0.475000
2026-02-18 20:41:18,arm,success,656,blue,0.279071,0.211233,0.475000
2026-02-18 20:41:46,arm,success,555,red,0.249134,0.020794,0.475000
2026-02-18 20:42:13,arm,success,533,blue,0.344411,0.062300,0.475000
2026-02-18 20:43:13,arm,fail,1552,unknown,nan,nan,nan
2026-02-18 20:43:41,arm,success,535,red,0.249995,0.001584,0.475000
2026-02-18 20:44:18,arm,success,710,red,0.211648,0.133060,0.475000
2026-02-18 20:44:53,arm,success,688,blue,0.296234,0.186401,0.475000
2026-02-18 20:45:29,arm,success,683,red,0.197025,0.153887,0.475000
2026-02-18 20:46:29,arm,fail,1524,unknown,nan,nan,nan
2026-02-18 20:46:58,arm,success,537,blue,0.349886,0.008951,0.475000
2026-02-18 20:47:30,arm,success,641,blue,0.338058,0.090647,0.475000
2026-02-18 20:48:04,arm,success,668,red,0.185786,0.167283,0.475000
2026-02-18 20:48:36,arm,success,630,red,0.198330,0.152201,0.475000
2026-02-18 20:49:04,arm,success,556,blue,0.349834,0.010793,0.475000
2026-02-18 20:49:40,arm,success,695,blue,0.272416,0.219748,0.475000
2026-02-18 20:50:10,arm,success,604,red,0.247667,0.034077,0.475000
2026-02-18 20:50:43,arm,success,619,red,0.178686,0.174846,0.475000
2026-02-18 20:51:07,arm,success,459,blue,0.349319,0.021828,0.475000
2026-02-18 20:51:36,arm,success,563,blue,0.349395,0.020569,0.475000
2026-02-18 20:52:07,arm,success,615,blue,0.339441,0.085322,0.475000
2026-02-18 20:52:43,arm,success,674,red,0.182127,0.171259,0.475000
2026-02-18 20:53:12,arm,success,585,blue,0.331489,0.112317,0.475000
2026-02-18 20:53:44,arm,success,631,blue,0.348981,0.026694,0.475000
2026-02-18 20:54:12,arm,success,555,blue,0.345712,0.054616,0.475000
2026-02-18 20:54:43,arm,success,614,red,0.247089,0.038039,0.475000
2026-02-18 20:55:11,arm,success,548,blue,0.348056,0.036839,0.475000
2026-02-18 20:55:41,arm,success,574,blue,0.338883,0.087512,0.475000
2026-02-18 20:56:15,arm,success,658,blue,0.302063,0.176798,0.475000
2026-02-18 20:56:49,arm,success,660,blue,0.343192,0.068697,0.475000
2026-02-18 20:57:24,arm,success,660,blue,0.268134,0.224954,0.475000
2026-02-18 20:57:58,arm,success,689,blue,0.270572,0.222016,0.475000
